{"cameraMode":{"drawMode":0,"name":"Shaded","section":"Shading Mode"},"sceneLighting":true,"audioPlay":false,"sceneViewState":{"m_AlwaysRefresh":false,"showFog":true,"showSkybox":true,"showFlares":true,"showImageEffects":true,"showParticleSystems":true,"showVisualEffectGraphs":true,"m_FxEnabled":true},"in2DMode":false,"pivot":{"x":0.7504784464836121,"y":-0.7647066116333008,"z":8.312973022460938},"rotation":{"x":-0.16751380264759065,"y":-0.005326603073626757,"z":0.000905029708519578,"w":-0.9858549237251282},"size":10.018366813659668,"orthographic":false}