{"cameraMode":{"drawMode":0,"name":"Shaded","section":"Shading Mode"},"sceneLighting":false,"audioPlay":false,"sceneViewState":{"m_AlwaysRefresh":false,"showFog":true,"showSkybox":false,"showFlares":true,"showImageEffects":true,"showParticleSystems":true,"showVisualEffectGraphs":true,"m_FxEnabled":true},"in2DMode":false,"pivot":{"x":-28.610000610351564,"y":3.906376361846924,"z":-3.3832144737243654},"rotation":{"x":0.0009001052821986377,"y":0.9948105812072754,"z":-0.10213952511548996,"w":0.011071549728512764},"size":5.03495454788208,"orthographic":false}