{"cameraMode":{"drawMode":0,"name":"Shaded","section":"Shading Mode"},"sceneLighting":false,"audioPlay":false,"sceneViewState":{"m_AlwaysRefresh":false,"showFog":false,"showSkybox":false,"showFlares":false,"showImageEffects":false,"showParticleSystems":false,"showVisualEffectGraphs":true,"m_FxEnabled":true},"in2DMode":false,"pivot":{"x":0.5403501987457275,"y":0.9992452263832092,"z":-0.47720086574554446},"rotation":{"x":0.024363549426198007,"y":0.7248663306236267,"z":-0.025669565424323083,"w":0.6879808306694031},"size":1.3841073513031006,"orthographic":false}