{"cameraMode":{"drawMode":0,"name":"Shaded","section":"Shading Mode"},"sceneLighting":false,"audioPlay":false,"sceneViewState":{"m_AlwaysRefresh":false,"showFog":true,"showSkybox":false,"showFlares":true,"showImageEffects":true,"showParticleSystems":true,"showVisualEffectGraphs":true,"m_FxEnabled":true},"in2DMode":false,"pivot":{"x":-0.08381510525941849,"y":1.1003350019454957,"z":1.3733054399490357},"rotation":{"x":0.0785197839140892,"y":-0.4846404492855072,"z":0.04373585432767868,"w":0.8700863718986511},"size":1.3841073513031006,"orthographic":false}