{"cameraMode":{"drawMode":0,"name":"Shaded","section":"Shading Mode"},"sceneLighting":true,"audioPlay":false,"sceneViewState":{"m_AlwaysRefresh":false,"showFog":true,"showSkybox":true,"showFlares":true,"showImageEffects":true,"showParticleSystems":true,"showVisualEffectGraphs":true,"m_FxEnabled":true},"in2DMode":false,"pivot":{"x":77.93861389160156,"y":12.421568870544434,"z":-14.501325607299805},"rotation":{"x":0.43248656392097475,"y":0.015153166837990284,"z":-0.007277919445186853,"w":0.9014995694160461},"size":40.41141891479492,"orthographic":false}