{"cameraMode":{"drawMode":0,"name":"Shaded","section":"Shading Mode"},"sceneLighting":true,"audioPlay":false,"sceneViewState":{"m_AlwaysRefresh":false,"showFog":true,"showSkybox":true,"showFlares":true,"showImageEffects":true,"showParticleSystems":true,"showVisualEffectGraphs":true,"m_FxEnabled":true},"in2DMode":false,"pivot":{"x":-3.4886789321899416,"y":0.7141635417938232,"z":-3.569350242614746},"rotation":{"x":-0.043043121695518497,"y":0.948651909828186,"z":-0.2763890027999878,"w":-0.14774513244628907},"size":1.9917445182800294,"orthographic":false}