{"cameraMode":{"drawMode":0,"name":"Shaded","section":"Shading Mode"},"sceneLighting":true,"audioPlay":false,"sceneViewState":{"m_AlwaysRefresh":false,"showFog":true,"showSkybox":true,"showFlares":true,"showImageEffects":true,"showParticleSystems":true,"showVisualEffectGraphs":true,"m_FxEnabled":true},"in2DMode":false,"pivot":{"x":5.439024448394775,"y":6.899038314819336,"z":-0.9176254272460938},"rotation":{"x":0.0044462247751653198,"y":0.9940962195396423,"z":-0.09873833507299423,"w":0.044764552265405658},"size":40.87175750732422,"orthographic":false}