{"cameraMode":{"drawMode":0,"name":"Shaded","section":"Shading Mode"},"sceneLighting":true,"audioPlay":false,"sceneViewState":{"m_AlwaysRefresh":false,"showFog":true,"showSkybox":true,"showFlares":true,"showImageEffects":true,"showParticleSystems":true,"showVisualEffectGraphs":true,"m_FxEnabled":true},"in2DMode":false,"pivot":{"x":2.336001396179199,"y":2.433633804321289,"z":-19.05527687072754},"rotation":{"x":0.0038538924418389799,"y":-0.9850396513938904,"z":-0.020329276099801065,"w":-0.17160499095916749},"size":10.20645523071289,"orthographic":false}