{"cameraMode":{"drawMode":0,"name":"Shaded","section":"Shading Mode"},"sceneLighting":true,"audioPlay":false,"sceneViewState":{"m_AlwaysRefresh":false,"showFog":true,"showSkybox":true,"showFlares":true,"showImageEffects":true,"showParticleSystems":true,"showVisualEffectGraphs":true,"m_FxEnabled":false},"in2DMode":false,"pivot":{"x":-1.8270492553710938,"y":1.3041788339614869,"z":2.1600000858306886},"rotation":{"x":0.08499553799629212,"y":-0.9122936725616455,"z":0.24398773908615113,"w":0.31801357865333559},"size":9.127838134765625,"orthographic":false}