{"cameraMode":{"drawMode":0,"name":"Shaded","section":"Shading Mode"},"sceneLighting":true,"audioPlay":false,"sceneViewState":{"m_AlwaysRefresh":false,"showFog":true,"showSkybox":true,"showFlares":true,"showImageEffects":true,"showParticleSystems":true,"showVisualEffectGraphs":true,"m_FxEnabled":true},"in2DMode":false,"pivot":{"x":-0.905998706817627,"y":0.11207699775695801,"z":0.48343831300735476},"rotation":{"x":-0.062327008694410327,"y":0.8364253640174866,"z":-0.09730062633752823,"w":-0.535766065120697},"size":3.4091577529907228,"orthographic":false}