{"cameraMode":{"drawMode":0,"name":"Shaded","section":"Shading Mode"},"sceneLighting":true,"audioPlay":false,"sceneViewState":{"m_AlwaysRefresh":false,"showFog":true,"showSkybox":true,"showFlares":true,"showImageEffects":true,"showParticleSystems":true,"showVisualEffectGraphs":true,"m_FxEnabled":true},"in2DMode":false,"pivot":{"x":1.3844062089920045,"y":-9.77358627319336,"z":105.0648422241211},"rotation":{"x":0.22501254081726075,"y":0.005168813280761242,"z":-0.0010960337240248919,"w":0.9744292497634888},"size":25.300769805908204,"orthographic":false}