{"cameraMode":{"drawMode":0,"name":"Shaded","section":"Shading Mode"},"sceneLighting":true,"audioPlay":false,"sceneViewState":{"m_AlwaysRefresh":false,"showFog":true,"showSkybox":true,"showFlares":true,"showImageEffects":true,"showParticleSystems":true,"showVisualEffectGraphs":true,"m_FxEnabled":true},"in2DMode":false,"pivot":{"x":-4.9671831130981449,"y":3.2080183029174806,"z":-12.470479011535645},"rotation":{"x":0.05393996462225914,"y":-0.31485432386398318,"z":0.017774684354662896,"w":0.9476504325866699},"size":2.331177234649658,"orthographic":false}