{"cameraMode":{"drawMode":0,"name":"Shaded","section":"Shading Mode"},"sceneLighting":true,"audioPlay":false,"sceneViewState":{"m_AlwaysRefresh":false,"showFog":true,"showSkybox":true,"showFlares":true,"showImageEffects":true,"showParticleSystems":true,"showVisualEffectGraphs":true,"m_FxEnabled":true},"in2DMode":false,"pivot":{"x":-1.7311044931411744,"y":3.5567398071289064,"z":-11.545472145080567},"rotation":{"x":0.019283592700958253,"y":0.04971247911453247,"z":-0.0011076930677518249,"w":0.9987772703170776},"size":2.331177234649658,"orthographic":false}