{"cameraMode":{"drawMode":0,"name":"Shaded","section":"Shading Mode"},"sceneLighting":true,"audioPlay":false,"sceneViewState":{"m_AlwaysRefresh":false,"showFog":true,"showSkybox":true,"showFlares":true,"showImageEffects":true,"showParticleSystems":true,"showVisualEffectGraphs":true,"m_FxEnabled":true},"in2DMode":false,"pivot":{"x":-5.200483798980713,"y":-20.517181396484376,"z":17.955402374267579},"rotation":{"x":-0.45442649722099306,"y":0.14630667865276338,"z":-0.07594795525074005,"w":-0.8754139542579651},"size":22.942604064941408,"orthographic":false}