{"cameraMode":{"drawMode":0,"name":"Shaded","section":"Shading Mode"},"sceneLighting":true,"audioPlay":false,"sceneViewState":{"m_AlwaysRefresh":false,"showFog":true,"showSkybox":true,"showFlares":true,"showImageEffects":true,"showParticleSystems":true,"showVisualEffectGraphs":true,"m_FxEnabled":false},"in2DMode":false,"pivot":{"x":-1.8270492553710938,"y":1.3041788339614869,"z":2.1600000858306886},"rotation":{"x":0.17631693184375764,"y":0.030133962631225587,"z":-0.0053406814113259319,"w":0.9839416146278381},"size":8.717085838317871,"orthographic":false}