{"cameraMode":{"drawMode":0,"name":"Shaded","section":"Shading Mode"},"sceneLighting":true,"audioPlay":false,"sceneViewState":{"m_AlwaysRefresh":false,"showFog":true,"showSkybox":true,"showFlares":true,"showImageEffects":true,"showParticleSystems":true,"showVisualEffectGraphs":true,"m_FxEnabled":true},"in2DMode":false,"pivot":{"x":0.33016425371170046,"y":0.33668252825737,"z":-0.2794981598854065},"rotation":{"x":-0.026602139696478845,"y":-0.9015764594078064,"z":0.42830371856689455,"w":-0.05600741505622864},"size":0.5712304711341858,"orthographic":true}