{"cameraMode":{"drawMode":0,"name":"Shaded","section":"Shading Mode"},"sceneLighting":true,"audioPlay":false,"sceneViewState":{"m_AlwaysRefresh":false,"showFog":true,"showSkybox":true,"showFlares":true,"showImageEffects":true,"showParticleSystems":true,"showVisualEffectGraphs":true,"m_FxEnabled":true},"in2DMode":false,"pivot":{"x":-0.43451154232025149,"y":0.47011780738830569,"z":-1.2887904644012452},"rotation":{"x":-0.10584895312786102,"y":0.8908491134643555,"z":-0.26914116740226748,"w":-0.35035786032676699},"size":3.8461735248565676,"orthographic":false}