{"cameraMode":{"drawMode":0,"name":"Shaded","section":"Shading Mode"},"sceneLighting":false,"audioPlay":false,"sceneViewState":{"m_AlwaysRefresh":false,"showFog":true,"showSkybox":false,"showFlares":true,"showImageEffects":true,"showParticleSystems":true,"showVisualEffectGraphs":true,"m_FxEnabled":false},"in2DMode":false,"pivot":{"x":-0.6686093807220459,"y":0.8419727087020874,"z":0.5667386054992676},"rotation":{"x":0.10414928942918778,"y":-0.13473251461982728,"z":0.014287405647337437,"w":0.9853742718696594},"size":5.547353744506836,"orthographic":false}