{"cameraMode":{"drawMode":0,"name":"Shaded","section":"Shading Mode"},"sceneLighting":false,"audioPlay":false,"sceneViewState":{"m_AlwaysRefresh":false,"showFog":true,"showSkybox":false,"showFlares":true,"showImageEffects":true,"showParticleSystems":true,"showVisualEffectGraphs":true,"m_FxEnabled":true},"in2DMode":false,"pivot":{"x":0.17664457857608796,"y":2.2069125175476076,"z":-2.1333811283111574},"rotation":{"x":-0.140811026096344,"y":-0.02019806206226349,"z":0.0028732679784297945,"w":-0.9898273348808289},"size":1.4660253524780274,"orthographic":false}