{"cameraMode":{"drawMode":0,"name":"Shaded","section":"Shading Mode"},"sceneLighting":false,"audioPlay":false,"sceneViewState":{"m_AlwaysRefresh":false,"showFog":true,"showSkybox":false,"showFlares":true,"showImageEffects":true,"showParticleSystems":true,"showVisualEffectGraphs":true,"m_FxEnabled":true},"in2DMode":false,"pivot":{"x":-2.5238962173461916,"y":2.1934475898742677,"z":-0.4191930890083313},"rotation":{"x":-0.021214254200458528,"y":-0.7610117197036743,"z":-0.024866165593266488,"w":0.6480067372322083},"size":2.624999761581421,"orthographic":false}