{"cameraMode":{"drawMode":0,"name":"Shaded","section":"Shading Mode"},"sceneLighting":false,"audioPlay":false,"sceneViewState":{"m_AlwaysRefresh":false,"showFog":true,"showSkybox":false,"showFlares":true,"showImageEffects":true,"showParticleSystems":true,"showVisualEffectGraphs":true,"m_FxEnabled":true},"in2DMode":false,"pivot":{"x":-2.4830803871154787,"y":3.1829588413238527,"z":-0.2657322883605957},"rotation":{"x":-0.021214254200458528,"y":-0.7610117197036743,"z":-0.024866165593266488,"w":0.6480067372322083},"size":3.2249996662139894,"orthographic":false}