{"cameraMode":{"drawMode":0,"name":"Shaded","section":"Shading Mode"},"sceneLighting":false,"audioPlay":false,"sceneViewState":{"m_AlwaysRefresh":false,"showFog":true,"showSkybox":false,"showFlares":true,"showImageEffects":true,"showParticleSystems":true,"showVisualEffectGraphs":true,"m_FxEnabled":true},"in2DMode":false,"pivot":{"x":-0.23789024353027345,"y":1.5966556072235108,"z":-0.9347863793373108},"rotation":{"x":0.18411050736904145,"y":0.09271632879972458,"z":-0.017429925501346589,"w":0.9783916473388672},"size":0.5660253763198853,"orthographic":false}