{"cameraMode":{"drawMode":0,"name":"Shaded","section":"Shading Mode"},"sceneLighting":false,"audioPlay":false,"sceneViewState":{"m_AlwaysRefresh":false,"showFog":true,"showSkybox":false,"showFlares":true,"showImageEffects":true,"showParticleSystems":true,"showVisualEffectGraphs":true,"m_FxEnabled":true},"in2DMode":false,"pivot":{"x":0.10196656733751297,"y":1.7458655834197999,"z":-0.7821376323699951},"rotation":{"x":0.019861631095409395,"y":0.9792050719261169,"z":0.11956390738487244,"w":-0.16273610293865205},"size":1.4605028629302979,"orthographic":false}