{"cameraMode":{"drawMode":0,"name":"Shaded","section":"Shading Mode"},"sceneLighting":false,"audioPlay":false,"sceneViewState":{"m_AlwaysRefresh":false,"showFog":true,"showSkybox":false,"showFlares":true,"showImageEffects":true,"showParticleSystems":true,"showVisualEffectGraphs":true,"m_FxEnabled":true},"in2DMode":false,"pivot":{"x":0.10196656733751297,"y":1.7458655834197999,"z":-0.7821376323699951},"rotation":{"x":-0.16409148275852204,"y":-0.043771542608737949,"z":0.007293657399713993,"w":-0.9854539036750794},"size":0.8605028986930847,"orthographic":false}