{"cameraMode":{"drawMode":0,"name":"Shaded","section":"Shading Mode"},"sceneLighting":true,"audioPlay":false,"sceneViewState":{"m_AlwaysRefresh":false,"showFog":true,"showSkybox":true,"showFlares":true,"showImageEffects":true,"showParticleSystems":true,"showVisualEffectGraphs":true,"m_FxEnabled":true},"in2DMode":false,"pivot":{"x":0.4189687967300415,"y":-0.037417829036712649,"z":0.1556127965450287},"rotation":{"x":0.00012064675684086978,"y":0.9159986972808838,"z":-0.4011850357055664,"w":0.00027598970336839557},"size":0.4582868814468384,"orthographic":false}