{"cameraMode":{"drawMode":0,"name":"Shaded","section":"Shading Mode"},"sceneLighting":false,"audioPlay":false,"sceneViewState":{"m_AlwaysRefresh":false,"showFog":true,"showSkybox":false,"showFlares":true,"showImageEffects":true,"showParticleSystems":true,"showVisualEffectGraphs":true,"m_FxEnabled":true},"in2DMode":false,"pivot":{"x":-0.3799999952316284,"y":3.069999933242798,"z":0.8999999761581421},"rotation":{"x":-0.16751380264759065,"y":-0.005326603073626757,"z":0.000905029708519578,"w":-0.9858549237251282},"size":0.8660253882408142,"orthographic":false}