{"cameraMode":{"drawMode":0,"name":"Shaded","section":"Shading Mode"},"sceneLighting":false,"audioPlay":false,"sceneViewState":{"m_AlwaysRefresh":false,"showFog":true,"showSkybox":false,"showFlares":true,"showImageEffects":true,"showParticleSystems":true,"showVisualEffectGraphs":true,"m_FxEnabled":true},"in2DMode":false,"pivot":{"x":0.39029622077941897,"y":1.1551762819290162,"z":0.004966825246810913},"rotation":{"x":-0.042093388736248019,"y":-0.8069058060646057,"z":0.05759893357753754,"w":-0.5864807963371277},"size":1.2635002136230469,"orthographic":false}