{"cameraMode":{"drawMode":0,"name":"Shaded","section":"Shading Mode"},"sceneLighting":false,"audioPlay":false,"sceneViewState":{"m_AlwaysRefresh":false,"showFog":true,"showSkybox":false,"showFlares":true,"showImageEffects":true,"showParticleSystems":true,"showVisualEffectGraphs":true,"m_FxEnabled":true},"in2DMode":false,"pivot":{"x":-0.020307272672653199,"y":1.3958319425582886,"z":0.09483140707015991},"rotation":{"x":-0.008454607799649239,"y":0.9886813163757324,"z":-0.1367109715938568,"w":-0.062093086540699008},"size":1.6583213806152344,"orthographic":false}