{"cameraMode":{"drawMode":0,"name":"Shaded","section":"Shading Mode"},"sceneLighting":false,"audioPlay":false,"sceneViewState":{"m_AlwaysRefresh":false,"showFog":true,"showSkybox":false,"showFlares":true,"showImageEffects":true,"showParticleSystems":true,"showVisualEffectGraphs":true,"m_FxEnabled":true},"in2DMode":false,"pivot":{"x":0.7622267007827759,"y":1.2521520853042603,"z":1.1846271753311158},"rotation":{"x":-0.09339992702007294,"y":0.7170276641845703,"z":-0.09815012663602829,"w":-0.6838517189025879},"size":1.0099507570266724,"orthographic":false}