{"cameraMode":{"drawMode":0,"name":"Shaded","section":"Shading Mode"},"sceneLighting":false,"audioPlay":false,"sceneViewState":{"m_AlwaysRefresh":false,"showFog":true,"showSkybox":false,"showFlares":true,"showImageEffects":true,"showParticleSystems":true,"showVisualEffectGraphs":true,"m_FxEnabled":true},"in2DMode":false,"pivot":{"x":-0.10606130957603455,"y":1.0766818523406983,"z":0.20266824960708619},"rotation":{"x":0.016769735142588617,"y":0.9797795414924622,"z":-0.09225213527679444,"w":0.17706309258937837},"size":1.4696006774902344,"orthographic":false}