{"cameraMode":{"drawMode":0,"name":"Shaded","section":"Shading Mode"},"sceneLighting":false,"audioPlay":false,"sceneViewState":{"m_AlwaysRefresh":false,"showFog":true,"showSkybox":false,"showFlares":true,"showImageEffects":true,"showParticleSystems":true,"showVisualEffectGraphs":true,"m_FxEnabled":true},"in2DMode":false,"pivot":{"x":-3.326524257659912,"y":-12.681777954101563,"z":-48.62071228027344},"rotation":{"x":0.0041485861875116829,"y":-0.9936463832855225,"z":0.10953181982040405,"w":0.030905239284038545},"size":25.86178207397461,"orthographic":false}