{"cameraMode":{"drawMode":0,"name":"Shaded","section":"Shading Mode"},"sceneLighting":false,"audioPlay":false,"sceneViewState":{"m_AlwaysRefresh":false,"showFog":true,"showSkybox":false,"showFlares":true,"showImageEffects":true,"showParticleSystems":true,"showVisualEffectGraphs":true,"m_FxEnabled":true},"in2DMode":false,"pivot":{"x":0.10513830184936524,"y":2.5875844955444338,"z":-0.915927529335022},"rotation":{"x":0.0799461230635643,"y":-0.9192158579826355,"z":0.25024381279945376,"w":0.29347893595695498},"size":0.8660253882408142,"orthographic":false}