{"cameraMode":{"drawMode":0,"name":"Shaded","section":"Shading Mode"},"sceneLighting":false,"audioPlay":false,"sceneViewState":{"m_AlwaysRefresh":false,"showFog":true,"showSkybox":false,"showFlares":true,"showImageEffects":true,"showParticleSystems":true,"showVisualEffectGraphs":true,"m_FxEnabled":true},"in2DMode":false,"pivot":{"x":-19.992752075195314,"y":0.9126873016357422,"z":-8.872745513916016},"rotation":{"x":-0.07110612839460373,"y":0.8601728677749634,"z":-0.12500017881393434,"w":-0.48930805921554568},"size":1.9441745281219483,"orthographic":false}