{"cameraMode":{"drawMode":0,"name":"Shaded","section":"Shading Mode"},"sceneLighting":false,"audioPlay":false,"sceneViewState":{"m_AlwaysRefresh":false,"showFog":true,"showSkybox":false,"showFlares":true,"showImageEffects":true,"showParticleSystems":true,"showVisualEffectGraphs":true,"m_FxEnabled":true},"in2DMode":false,"pivot":{"x":-20.6439208984375,"y":1.4878257513046265,"z":-8.547597885131836},"rotation":{"x":0.2481822967529297,"y":0.007260581478476524,"z":-0.0018606303492560983,"w":0.9686875343322754},"size":1.9441745281219483,"orthographic":false}