{"cameraMode":{"drawMode":0,"name":"Shaded","section":"Shading Mode"},"sceneLighting":false,"audioPlay":false,"sceneViewState":{"m_AlwaysRefresh":false,"showFog":true,"showSkybox":false,"showFlares":true,"showImageEffects":true,"showParticleSystems":true,"showVisualEffectGraphs":true,"m_FxEnabled":true},"in2DMode":false,"pivot":{"x":1.5544238090515137,"y":0.6898766160011292,"z":-49.526390075683597},"rotation":{"x":0.026616865769028665,"y":0.8334033489227295,"z":-0.0402933768928051,"w":0.5505594611167908},"size":4.360903739929199,"orthographic":false}