{"cameraMode":{"drawMode":0,"name":"Shaded","section":"Shading Mode"},"sceneLighting":false,"audioPlay":false,"sceneViewState":{"m_AlwaysRefresh":false,"showFog":true,"showSkybox":false,"showFlares":true,"showImageEffects":true,"showParticleSystems":true,"showVisualEffectGraphs":true,"m_FxEnabled":true},"in2DMode":false,"pivot":{"x":28.60159683227539,"y":0.5817304849624634,"z":25.03013038635254},"rotation":{"x":0.015427114441990853,"y":0.7443526983261108,"z":0.01798414997756481,"w":-0.6675716042518616},"size":3.9435360431671144,"orthographic":false}