{"cameraMode":{"drawMode":0,"name":"Shaded","section":"Shading Mode"},"sceneLighting":false,"audioPlay":false,"sceneViewState":{"m_AlwaysRefresh":false,"showFog":true,"showSkybox":false,"showFlares":true,"showImageEffects":true,"showParticleSystems":true,"showVisualEffectGraphs":true,"m_FxEnabled":true},"in2DMode":false,"pivot":{"x":28.770790100097658,"y":-0.32400763034820559,"z":25.897235870361329},"rotation":{"x":-0.16146770119667054,"y":0.5876474976539612,"z":-0.12046298384666443,"w":-0.7838091254234314},"size":3.343536138534546,"orthographic":false}