{"cameraMode":{"drawMode":0,"name":"Shaded","section":"Shading Mode"},"sceneLighting":false,"audioPlay":false,"sceneViewState":{"m_AlwaysRefresh":false,"showFog":true,"showSkybox":false,"showFlares":true,"showImageEffects":true,"showParticleSystems":true,"showVisualEffectGraphs":true,"m_FxEnabled":true},"in2DMode":false,"pivot":{"x":2.060824394226074,"y":1.9773790836334229,"z":0.5763339996337891},"rotation":{"x":-0.10162908583879471,"y":0.0989191085100174,"z":-0.010135912336409092,"w":-0.9898699522018433},"size":2.0660252571105959,"orthographic":false}