{"cameraMode":{"drawMode":0,"name":"Shaded","section":"Shading Mode"},"sceneLighting":false,"audioPlay":false,"sceneViewState":{"m_AlwaysRefresh":false,"showFog":true,"showSkybox":false,"showFlares":true,"showImageEffects":true,"showParticleSystems":true,"showVisualEffectGraphs":true,"m_FxEnabled":true},"in2DMode":false,"pivot":{"x":19.416656494140626,"y":21.255489349365236,"z":119.319091796875},"rotation":{"x":0.035468149930238727,"y":-0.6977595090866089,"z":0.034503281116485599,"w":0.7146745324134827},"size":126.5477066040039,"orthographic":false}