{"cameraMode":{"drawMode":0,"name":"Shaded","section":"Shading Mode"},"sceneLighting":false,"audioPlay":false,"sceneViewState":{"m_AlwaysRefresh":false,"showFog":true,"showSkybox":false,"showFlares":true,"showImageEffects":true,"showParticleSystems":true,"showVisualEffectGraphs":true,"m_FxEnabled":true},"in2DMode":false,"pivot":{"x":3.7845211029052736,"y":-0.22982358932495118,"z":13.321660041809082},"rotation":{"x":-0.026750819757580758,"y":0.6808274984359741,"z":-0.024548916146159173,"w":-0.7316830158233643},"size":4.503574371337891,"orthographic":false}