{"cameraMode":{"drawMode":0,"name":"Shaded","section":"Shading Mode"},"sceneLighting":false,"audioPlay":false,"sceneViewState":{"m_AlwaysRefresh":false,"showFog":true,"showSkybox":false,"showFlares":true,"showImageEffects":true,"showParticleSystems":true,"showVisualEffectGraphs":true,"m_FxEnabled":true},"in2DMode":false,"pivot":{"x":4.410497665405273,"y":-0.8806812763214111,"z":21.346906661987306},"rotation":{"x":0.0009001052821986377,"y":0.9948105812072754,"z":-0.10213952511548996,"w":0.011071549728512764},"size":10.465149879455567,"orthographic":false}