{"cameraMode":{"drawMode":0,"name":"Shaded","section":"Shading Mode"},"sceneLighting":false,"audioPlay":false,"sceneViewState":{"m_AlwaysRefresh":false,"showFog":true,"showSkybox":false,"showFlares":true,"showImageEffects":true,"showParticleSystems":true,"showVisualEffectGraphs":true,"m_FxEnabled":true},"in2DMode":false,"pivot":{"x":1.140272855758667,"y":1.9830069541931153,"z":-0.18365809321403504},"rotation":{"x":0.17977264523506165,"y":-0.7926386594772339,"z":0.27845054864883425,"w":0.5118444561958313},"size":0.4301975965499878,"orthographic":false}