{"cameraMode":{"drawMode":0,"name":"Shaded","section":"Shading Mode"},"sceneLighting":false,"audioPlay":false,"sceneViewState":{"m_AlwaysRefresh":false,"showFog":true,"showSkybox":false,"showFlares":true,"showImageEffects":true,"showParticleSystems":true,"showVisualEffectGraphs":true,"m_FxEnabled":true},"in2DMode":false,"pivot":{"x":-0.08387769013643265,"y":1.292141079902649,"z":0.12691396474838258},"rotation":{"x":-0.0019860214088112118,"y":-0.9977686405181885,"z":0.05783205106854439,"w":-0.034141819924116138},"size":0.6734155416488648,"orthographic":false}