{"cameraMode":{"drawMode":0,"name":"Shaded","section":"Shading Mode"},"sceneLighting":false,"audioPlay":false,"sceneViewState":{"m_AlwaysRefresh":false,"showFog":true,"showSkybox":false,"showFlares":true,"showImageEffects":true,"showParticleSystems":true,"showVisualEffectGraphs":true,"m_FxEnabled":true},"in2DMode":false,"pivot":{"x":0.06999969482421875,"y":0.46000003814697268,"z":0.12600040435791017},"rotation":{"x":0.10584786534309387,"y":0.13946257531642915,"z":0.014973685145378113,"w":-0.9844704270362854},"size":0.7287465929985046,"orthographic":false}