{"cameraMode":{"drawMode":0,"name":"Shaded","section":"Shading Mode"},"sceneLighting":false,"audioPlay":false,"sceneViewState":{"m_AlwaysRefresh":false,"showFog":true,"showSkybox":false,"showFlares":true,"showImageEffects":true,"showParticleSystems":true,"showVisualEffectGraphs":true,"m_FxEnabled":true},"in2DMode":false,"pivot":{"x":49.09978485107422,"y":1.6795575618743897,"z":-11.137471199035645},"rotation":{"x":0.0009001052821986377,"y":0.9948105812072754,"z":-0.10213952511548996,"w":0.011071549728512764},"size":1.5909757614135743,"orthographic":false}