{"cameraMode":{"drawMode":0,"name":"Shaded","section":"Shading Mode"},"sceneLighting":false,"audioPlay":false,"sceneViewState":{"m_AlwaysRefresh":false,"showFog":true,"showSkybox":false,"showFlares":true,"showImageEffects":true,"showParticleSystems":true,"showVisualEffectGraphs":true,"m_FxEnabled":true},"in2DMode":false,"pivot":{"x":-0.09529399871826172,"y":0.9256045818328857,"z":0.9343369007110596},"rotation":{"x":0.2934321463108063,"y":0.17818859219551087,"z":-0.05576184019446373,"w":0.9375799298286438},"size":2.45527982711792,"orthographic":false}