{"cameraMode":{"drawMode":0,"name":"Shaded","section":"Shading Mode"},"sceneLighting":false,"audioPlay":false,"sceneViewState":{"m_AlwaysRefresh":false,"showFog":true,"showSkybox":false,"showFlares":true,"showImageEffects":true,"showParticleSystems":true,"showVisualEffectGraphs":true,"m_FxEnabled":true},"in2DMode":false,"pivot":{"x":10.386392593383789,"y":0.7084102034568787,"z":2.6913208961486818},"rotation":{"x":-0.0030552248936146499,"y":-0.9963354468345642,"z":-0.03856169432401657,"w":0.07791707664728165},"size":0.503388524055481,"orthographic":false}