{"cameraMode":{"drawMode":0,"name":"Shaded","section":"Shading Mode"},"sceneLighting":false,"audioPlay":false,"sceneViewState":{"m_AlwaysRefresh":false,"showFog":true,"showSkybox":false,"showFlares":true,"showImageEffects":true,"showParticleSystems":true,"showVisualEffectGraphs":true,"m_FxEnabled":true},"in2DMode":false,"pivot":{"x":-9.465069770812989,"y":-1.4299496412277222,"z":-1.1366599798202515},"rotation":{"x":0.37703531980514529,"y":-0.05554763600230217,"z":0.02260337583720684,"w":0.9242922067642212},"size":2.3295493125915529,"orthographic":false}