{"cameraMode":{"drawMode":0,"name":"Shaded","section":"Shading Mode"},"sceneLighting":false,"audioPlay":false,"sceneViewState":{"m_AlwaysRefresh":false,"showFog":true,"showSkybox":false,"showFlares":true,"showImageEffects":true,"showParticleSystems":true,"showVisualEffectGraphs":true,"m_FxEnabled":true},"in2DMode":false,"pivot":{"x":1.1882189512252808,"y":3.1623353958129885,"z":-0.17597681283950807},"rotation":{"x":0.13975214958190919,"y":-0.7903645634651184,"z":0.19625608623027802,"w":0.5633671283721924},"size":0.9635002017021179,"orthographic":false}