{"cameraMode":{"drawMode":0,"name":"Shaded","section":"Shading Mode"},"sceneLighting":false,"audioPlay":false,"sceneViewState":{"m_AlwaysRefresh":false,"showFog":true,"showSkybox":false,"showFlares":true,"showImageEffects":true,"showParticleSystems":true,"showVisualEffectGraphs":true,"m_FxEnabled":true},"in2DMode":false,"pivot":{"x":-0.005984783172607422,"y":-0.6626126766204834,"z":0.008977830410003662},"rotation":{"x":0.3042019307613373,"y":0.0356600396335125,"z":-0.011593563482165337,"w":0.9519388675689697},"size":7.367483139038086,"orthographic":false}